DROP TABLE IF EXISTS `Dict`;
CREATE TABLE `Dict` (`IDWrd` int(11) DEFAULT NULL,`WrdRus` varchar(100) DEFAULT NULL,`WrdEng` varchar(100) DEFAULT NULL);
INSERT INTO `Dict` VALUES (53,'маша ','masha '),(54,'мир ','world '),(55,'кот','cat'),(56,'курица','chicken'),(57,'мама','mother'),(73,'брат','brother'),(78,'папа','father'),(83,'плохая','bad'),(84,'вчера ','yesterday'),(86,'хорошая ','good'),(88,'прекрасная','exellent'),(89,'позавчера','the day before yesterday'),(90,'на прошлой неделе','last week'),(91,'в прошлом месяце','last month'),(92,'в прошлом году','last year'),(93,'в позапрошлом году','the year before last year'),(94,'в понедельник','on monday'),(95,'во вторник','on Tuesday'),(96,'в среду','on wednesday'),(97,'в четверг','on Thursday'),(98,'в пятницу','on Friday'),(99,'в субботу','on saturday'),(100,'в воскресенье','on Sunday'),(101,'в прошлый понедельник','last monday'),(102,'в прошлый вторник','last Tuesday'),(352,'лена','lena'),(110,'ветренная','windy'),(111,'безветренная','calm'),(112,'волшебная','miraculous'),(113,'в прошлую среду','last Wednesday'),(114,'в прошлый четверг','last thursday'),(115,'в прошлую пятницу','last Friday'),(116,'в прошлую субботу','last saturday'),(117,'в прошлое воскресенье','last Sunday'),(124,'тебя ','you '),(125,'мороженое ','ice-cream '),(126,'печенье ','cackes '),(127,'рис ','rice '),(130,'дождливая ','rainy'),(131,'ужасная ','awful'),(133,'кино ','cinema'),(144,'вязать','knit'),(145,'гулять','walk'),(146,'спать','sleep'),(147,'есть','eat'),(148,'плавать','swim'),(149,'вязать крючком','crochet'),(150,'решать проблемы','solve problems'),(151,'водить машину','drive a car'),(152,'петь','sing'),(153,'танцевать','dance'),(154,'учиться','studying'),(155,'готовить','cooking'),(156,'вязать','knitting'),(157,'ходить в кафе','going to a caffee'),(158,'вязать крючком','crocheting'),(159,'жить в Дубне','living in dubna'),(160,'учиться в университете','studying in university'),(161,'танцевать','dancing'),(162,'читать','reading'),(166,'носки','socks'),(167,'носок','sock'),(168,'крючок','crochet'),(169,'спица','needle'),(170,'вязальщик','knitter'),(171,'вязаный','knitted'),(172,'перчатка','glove'),(173,'вязание','knitting'),(174,'шарф','muffler'),(175,'покрывало','cover'),(176,'петля','stitch'),(177,'чулочная вязка','knit stitch'),(178,'лицевая сторона','the right side'),(179,'изнаночная сторона','wrong side'),(180,'с изнанки','on the inner side'),(181,'вывернуть на изнанку','to turn inside out'),(182,'нитка ','thread'),(183,'хлопок','cotton'),(184,'нитки','sewing'),(185,'нитки в два сложения','two-cord sewings'),(186,'шерстяная нить','woolen yarn'),(187,'прясть пряжу','to spin yarn'),(188,'пряжа','yarn'),(189,'прядильщик','spinner'),(190,'прядильное веретено','spinning spindle'),(191,'прядение','spinning'),(192,'прялка','spinning-wheel'),(193,'ровница','rove'),(194,'салфетка','napkin'),(103,'отличная','perfect'),(196,'столбик спущенных петель','ladder'),(197,'столбик','column'),(198,'с накидом','thrown on'),(199,'соединительный','connecting'),(200,'незаконченный','incomplete'),(201,'крахмалить','starch'),(202,'накрахмаленный','starched'),(203,'накрахмаленная','starched'),(204,'шапка','cap'),(205,'ажур','openwork'),(206,'трикотаж','stockinet'),(207,'варежка','mitten'),(208,'шерстяной платок','afghan'),(209,'резинка','elastic'),(210,'ангорская шерсть ','angora wool'),(211,'мохер','mohair'),(212,'мочалка','bast whisp'),(213,'спускать петлю','to drop a stitch'),(218,'мне','me'),(219,'ему','him'),(220,'хороший','good'),(221,'теплый','warm'),(222,'свитер','pullover'),(224,'мама','mama'),(225,'бабушка','grandmother'),(226,'ей','her'),(227,'им','them'),(228,'хорошую','good'),(229,'кружевную','openwork'),(230,'шапку','cap'),(231,'салфетку','napkin'),(232,'нам','us'),(233,'голубой','blue'),(234,'голубую','blue'),(235,'голубые','blue'),(236,'красный','red'),(237,'красную','red'),(238,'красные','red'),(239,'зеленый','green'),(240,'зеленую','green'),(241,'зеленые','green'),(242,'синий','blue'),(243,'синюю','blue'),(244,'синие','blue'),(245,'балалайка','balalaika'),(246,'переводить','to translate'),(247,'в','in'),(248,'бассейне','swimming pool'),(249,'плавает','is swimming'),(250,'солнышко','sun'),(251,'решает','solves'),(252,'проблему','problem'),(253,'завтра','tomorrow'),(254,'будет','will be'),(255,'хорошая','good'),(256,'погода','weather'),(257,'будет','will'),(260,'хлопка','cotton'),(261,'дерева','wood'),(262,'стол','table'),(263,'шерсти','wool'),(264,'пластика','plastic'),(267,'5','5'),(268,'8','8'),(269,'1','1'),(270,'2','2'),(271,'3','3'),(272,'4','4'),(273,'6','6'),(274,'7','7'),(275,'9','9'),(276,'10','10'),(277,'one','one'),(278,'два','two'),(279,'три','three'),(280,'четыре','four'),(281,'пять','five'),(282,'шесть','six'),(283,'семь','seven'),(284,'восемь','eight'),(285,'девять','nine'),(286,'десять','ten'),(287,'пинетки','bootees'),(288,'салфетки','napkins'),(289,'перчатки','gloves'),(290,'читать','read'),(291,'университет','university'),(292,'магазин','shop'),(293,'аптеку','dragstore'),(294,'кафе','cafe'),(295,'погоде','weather'),(296,'учебе','studying'),(297,'петя','petya'),(298,'говорить','speaking'),(299,'пете','petya'),(300,'маше','masha'),(301,'девушка','girl'),(302,'мальчик','boy'),(303,'меня','my'),(104,'великолепная','splendid'),(304,'его','his'),(305,'наташа','natasha'),(306,'вася','vasya'),(307,'ее','her'),(308,'тебя','your'),(309,'20','20'),(310,'18','18'),(311,'ему','he'),(312,'ей','she'),(313,'19','19'),(314,'17','17'),(315,'стена','wall'),(316,'потолок','sell'),(317,'желтого','yellow'),(318,'белого','white'),(319,'оранжевого','orange'),(320,'цвета','color'),(321,'васе','vasya'),(322,'плавать','swimming'),(323,'мороженом','ice-cream'),(324,'он','he'),(325,'машу','masha'),(326,'маше','masha'),(327,'миру','world'),(328,'коту','cat'),(329,'котом','cat'),(330,'курице','chicken'),(331,'курицей','chicken'),(332,'курицу','chicken'),(333,'кота','cat'),(334,'маму','mother'),(335,'маме','mother'),(336,'брата','brother'),(337,'брату','brother'),(338,'папу','father'),(339,'папе','father'),(340,'плохой','bad'),(341,'плохое','bad'),(342,'плохие','bad'),(343,'плохую','bad'),(344,'плохими','bad'),(345,'хорошее','good'),(346,'хорошие','good'),(347,'хорошими','good'),(348,'хороших','good'),(349,'хорошую','good'),(350,'хорошим','good'),(351,'хорошей','good'),(353,'гуляет','walking'),(354,'лесу','forest'),(355,'диме','dima'),(356,'лене','lena'),(357,'11','11'),(358,'12','12'),(359,'13','13'),(360,'14','14'),(361,'15','15'),(362,'16','16'),(363,'21','21'),(364,'22','22'),(365,'23','23'),(366,'24','24'),(367,'25','25'),(368,'26','26'),(369,'27','27'),(370,'28','28'),(371,'29','29'),(372,'30','30'),(373,'абитуриент','enrollee'),(383,'актер','actor'),(384,'алгебра','algebra'),(385,'алгоритм','algorithm'),(386,'алкоголь','spirits'),(389,'помидор','tomato'),(391,'юра','yura'),(392,'юля','yulya'),(393,'студент','student'),(394,'актриса','actress'),(387,'алый','damask'),(395,'дубне','dubna'),(396,'россии','russia'),(397,'америке','america'),(398,'талдоме','taldom'),(399,'английский','english'),(400,'англии','england'),(401,'андрей','andrew'),(402,'антон','anthony'),(403,'анчоус','anchovy'),(404,'апельсин','orange'),(405,'апельсиновый сок','orange juice'),(406,'аперитив','aperitif'),(407,'аппетит','appetite'),(408,'аптека','drugstore'),(410,'арахис','peanut'),(411,'арахисовое масло','peanut oil'),(412,'арахисовый','peanut'),(413,'арбуз','watermelon'),(414,'аромат','aroma'),(415,'ароматный','aromatic'),(416,'артишок','artichoke'),(417,'аспирант','candidate'),(418,'баба-яга','baba-yaga'),(105,'солнечная','sunny'),(423,'базилик','basil'),(424,'бакалавр','bachelor'),(425,'баклажан','aubergine'),(426,'балда','dolt'),(427,'балерина','ballerina'),(428,'баловаться','be naughty'),(431,'банан','banana'),(434,'апельсины','oranges'),(435,'бандит','gangster'),(439,'баранина','mutton'),(440,'барашек','lamb'),(441,'хлеб','bread'),(445,'бежевый','beige'),(446,'бездельник','idler'),(447,'бездельничать','idle'),(450,'бекон','bacon'),(451,'вино','wine'),(452,'мясо','meat'),(453,'берег','берег'),(454,'береза','береза'),(459,'бильярд','billiards'),(460,'играть в бильярд','to play billiards'),(463,'бирюзовый','turquoise'),(464,'бить','beat'),(471,'близко','near'),(472,'бокал','glass'),(473,'болтать','chat'),(476,'болтун','chatterer'),(477,'большой','big'),(478,'большая','big'),(479,'бомба','bomb'),(480,'бордовый','vinous'),(481,'борода','beard'),(483,'борщ','borsch'),(484,'букле','ratine'),(485,'бумажник','wallet'),(486,'буфет','buffet'),(487,'буфетчица','barmaid'),(489,'ваня','john'),(491,'варежку','mitten'),(492,'вареники','vareniki'),(494,'варить','boil'),(495,'варить обед','to cook dinner'),(506,'вафли','waffles'),(507,'великобритании','Great Britain'),(508,'велосипед','bicycle'),(509,'веснушки','freckles'),(511,'взбивать','shake'),(514,'взбитые сливки','whipped cream'),(515,'видеть','see'),(517,'виноград','grapes'),(518,'висеть','hang'),(521,'вискоза','viscose'),(523,'виски','whiskey'),(524,'вишневый','cherry'),(526,'вишня','cherry'),(527,'внучка','granddaughter'),(106,'теплая','warm'),(530,'вобла','vobla'),(531,'вода','water'),(532,'водка','vodka'),(533,'вокзал','station'),(534,'волейбол','volleyball'),(535,'волейболист','volleyball player'),(536,'встреча','meeting'),(538,'вуз','college'),(539,'вчера вечером','last night'),(541,'пить','drink'),(542,'платить','pay'),(543,'учить наизусть','learn by heart'),(546,'выходной','holiday'),(550,'гардероб','checkroom'),(551,'гардеробщица','cloakroom attendant'),(552,'гений','genius'),(553,'геолог','geologist'),(554,'герой','hero'),(555,'гладкий','smooth'),(558,'глупыш','silly'),(560,'добрая','kind'),(561,'злая','severe'),(565,'голубика','great bilberry'),(566,'горбушка','heel'),(582,'гороскоп','horoscope'),(584,'горох','peas'),(585,'гороховый суп','pea soup'),(588,'полотенце','towel'),(589,'книга','book'),(590,'леши','lesha'),(591,'димы','dima'),(592,'коробка','box'),(593,'дом','house'),(613,'гренки','гренки'),(614,'греча','buckwheat'),(615,'гречневую кашу','boiled buckwheat'),(617,'груши','pears'),(623,'дай','give'),(624,'дача','dacha'),(626,'дачник','summer resident'),(627,'дачница','summer resident'),(633,'девчушка','cissy'),(107,'жаркая','hot'),(634,'действовать','operate'),(640,'десерт','dessert'),(646,'дешево','cheap'),(647,'дешевый','cheap'),(649,'джинсы','jeans'),(650,'диван','sofa'),(655,'дискета','diskette'),(658,'дисковод','disk drive'),(659,'длинноволосый','long-haired'),(661,'до свидания','bye'),(668,'добро пожаловать','welcome'),(669,'добрый','kind'),(674,'дождь','rain'),(675,'домашний','home'),(678,'домовой','brownie'),(680,'домой','home'),(687,'дословно','literally'),(688,'дословный','literal'),(689,'дословный перевод','metaphrase'),(690,'достойный','worthy'),(698,'дубленка','sheepskin coat'),(699,'дурак','fool'),(701,'дурачок','little fool'),(704,'холодно','cold'),(705,'жарко','hot'),(702,'душно','stuffy'),(706,'тепло','warm'),(707,'дыня','melon'),(711,'европеец','european'),(712,'еда','food'),(713,'еду','food'),(722,'завтра','tomorrow'),(724,'завтра днем','tomorrow afternoon'),(725,'загорать','become sunburnt'),(728,'мяч','ball'),(729,'каждый человек','every person'),(730,'каждому человеку','every person'),(733,'вязании','knitting'),(735,'этот','this'),(736,'эта','this'),(737,'тот','that'),(738,'та','that'),(739,'те','that'),(741,'набирать','setting up'),(742,'набирать','to set up'),(743,'алого','damask'),(744,'завтрак','breakfast'),(745,'готовить','to cook'),(746,'моя','my'),(747,'теплые','warm'),(108,'прохладная','fresh'),(748,'быть','be'),(749,'вечером','evening'),(762,'я ','i'),(763,'тебе','you'),(764,'оля','olya'),(765,'света ','sveta'),(766,'сыну','sun'),(767,'тетя ','aunt'),(768,'племяннику','nephew'),(769,'рейтузы ','knickers'),(772,'белую','white'),(787,'на вязальной машине','a knitting mashine'),(788,'Мазный','Mazny'),(789,'Мазного','Mazny'),(790,'Мазному','Mazny'),(791,'Геннадий','Gennady'),(792,'Геннадия','Gennady'),(793,'Геннадию','Gennady'),(794,'Леонидович','Leonidovich'),(795,'Леонидовича','Leonidovich'),(796,'Леонидовичу','Leonidovich'),(797,'Люба ','Luba'),(799,'слон','elephant'),(800,'ест','eats'),(801,'пирожное','cake'),(802,'крокодил','crocodile'),(803,'молоко','milk'),(804,'предпочитаю','prefer'),(805,'люблю','like'),(806,'обожаю','like very much'),(810,'чебурашка','cheburashka'),(811,'учитель','teacher'),(812,'Вовочка','vovochka'),(813,'ученик','student'),(815,'корова','cow'),(816,'школа','scool'),(817,'здание','building'),(818,'обезьяна','monkey'),(819,'попугай','cacadoo'),(820,'луна','moon'),(821,'гуляю','walk'),(822,'гуляет','walk'),(823,'гуляем','walk'),(824,'сидеть на лекции','be on a lection'),(825,'сидеть на лекции','being on a lection'),(826,'сидеть на лекции','to be on a lection'),(827,'сижу на лекции','am sitting on a lecture'),(828,'сидит на лекции','is sitting on a lecture'),(829,'сидим на лекции','are sitting on a lecture'),(830,'сплю','am sleeping'),(831,'спит','is sleeping'),(832,'спят','are sleeping'),(833,'ем','eat'),(835,'плаваем','are swimming'),(836,'ела','ate'),(837,'ел','ate'),(838,'спал','slept'),(839,'спала','slept'),(840,'плавал','swom'),(841,'плавала','swom'),(842,'плавали','swom'),(843,'вожу машину','drive a car'),(844,'водит машину','drives a car'),(845,'водил машину','drove a car'),(846,'водили машину','drove a car'),(847,'пою','am singing'),(848,'поет','is singing'),(850,'пел','sang'),(851,'пела','sang'),(852,'танцую','am dancing'),(853,'танцует','is dancing'),(854,'танцевал','danced'),(855,'танцевала','danced'),(109,'холодная','cool'),(834,'плаваю','am swimming'),(849,'поют','are singing'),(856,'вяжу','am knitting'),(857,'вяжет','is knitting'),(858,'вязал','knitted'),(859,'вязала','knitted'),(860,'связала','knitted'),(861,'свяжу','will knit'),(862,'гуляю','am walking'),(863,'гуляет','is walking'),(864,'гуляем','are walking'),(865,'гулял','walked'),(866,'гуляла','walked'),(867,'гуляли','walked'),(868,'вяжу крючком','am crochetting'),(869,'вяжет крючком','is crochetting'),(870,'вязала крючком','crochetted'),(871,'связала крючком','crochetted'),(872,'идет','goes'),(873,'идем','are going'),(874,'ходила','went'),(875,'ходил','went'),(876,'ходили','went'),(877,'живу в дубне','am living in dubna'),(878,'живет в дубне','is living in dubna'),(879,'жил в дубне','lived in dubna'),(880,'жила в дубне','lived in dubna'),(881,'учусь в университете','am studying in university'),(882,'учится в университете','is studying in university'),(883,'училась в университете','studied in university'),(884,'учился в университете','studied in university'),(885,'читаю','am reading'),(886,'читает','as reading'),(887,'читал','read'),(888,'читала','read'),(889,'чулочной вязкой','with a knit stitch'),(890,'набираю петли','am setting up stitches'),(891,'набирает петли','is setting up stitches'),(892,'набрала','setted up'),(893,'набрал','setted up'),(894,'петель','stitches'),(895,'столбиков','columnes'),(896,'бегу','am running'),(897,'бежит','is running'),(898,'бежал','run'),(899,'бежала','run'),(900,'побегу','will run'),(901,'беспокоюсь','am worried'),(902,'беспокоится','is worried'),(903,'беспокоилась','was worried'),(904,'беспокоился','was worried'),(905,'сияет','shines'),(906,'сияло','shined'),(907,'варю обед','am cooking dinner'),(908,'варит обед','is cooking dinner'),(909,'сварила обед','cooked dinner'),(910,'учусь','am studying'),(911,'учится','is studying'),(912,'училась','studied'),(913,'учился','studied'),(914,'буду учить','will be studying'),(915,'говорю','am speaking'),(916,'говорит','is speaking'),(917,'говорил','spoke'),(918,'говорила','spoke'),(919,'скажу','will speak'),(920,'смотреть телевизор','watch TV'),(921,'смотреть телевизор','to watch TV'),(922,'смотреть телевизор','watching TV'),(923,'смотрю телевизор','am watching TV'),(924,'смотрит телевизор','is watching TV'),(925,'не','not'),(926,'смотрел телевизор','watched TV'),(927,'да','yes'),(928,'нет','no'),(929,'очень','very'),(930,'немного','a little bit'),(931,'маленький','little'),(932,'мало','a little'),(933,'редко','rarely'),(934,'часто','often'),(935,'постоянно','constantly'),(936,'лекция','lection'),(937,'лекции','lections'),(938,'лекцию','lection'),(939,'слоненок','a little elephant'),(940,'жираф','geeraf'),(118,'гулять','to walk'),(941,'кошка','cat'),(942,'котенок','cat'),(943,'фрукты','fruits'),(944,'овощи','vegetables'),(945,'материалы','materials'),(946,'пить','drink'),(947,'пить','to drink'),(948,'пить','drinking'),(949,'пью','am drinking'),(950,'пьет','is drinking'),(951,'пил','drank'),(952,'пила','drank'),(953,'переводчик','translator'),(954,'хорошо','good'),(955,'переводит','translates'),(956,'плохо','bad'),(957,'отлично','perfect'),(958,'ужасно','awfull'),(959,'довольно','enough'),(960,'превосходно','wonderful'),(961,'великолепно','exellent'),(962,'перевожу','am translating'),(963,'перевел','translated'),(964,'текст','text'),(965,'слово','word'),(966,'дульсинея','dulsinea'),(967,'Макс','max'),(968,'смотреть','watch'),(969,'телевизор','tv'),(970,'лиса ','fox'),(971,'ТВ','tv'),(972,'по утрам','at mornings'),(973,'по вечерам','at evenings'),(974,'по ночам','at nights'),(976,'читать','to read'),(975,'клубнику','strawberry'),(977,'старенькая','old'),(978,'старушка ','old woman'),(979,'спустила','dropped'),(980,'петлю','stitch'),(981,'подтянула','repushed'),(982,'старик','old man'),(983,'макраме','macrame'),(988,'старушку','old woman'),(989,'видит','sees'),(990,'хочет','wants'),(991,'шерстяную','wooden'),(992,'кофточку','blause'),(993,'кофточку','blouse'),(994,'шерстяная','wooden'),(995,'кофточка','blouse'),(996,'девушке','girl'),(997,'велика','too big'),(998,'велика','big'),(999,'малы','small'),(1000,'шерстяные','wooden'),(1001,'хочу','want'),(1002,'распустить','destroy'),(1003,'старый','old'),(1004,'сегодня','today'),(1005,'на','on'),(1006,'вышивать','embroidering'),(1007,'словарь','dictionary'),(1008,'вышивать гладью','embroidering in satin-stitch'),(1009,'вышивать крестиком','embroidering in dagger'),(1010,'сметывать','basting'),(1011,'сшивать','sewing'),(1012,'пришивать пуговицы','sewing buttons'),(1013,'пришивать','sewing'),(1014,'спускать','dropping'),(1015,'подтягивать','pulling'),(1016,'рукав','sleeve'),(1017,'рукава','sleeves'),(1018,'спинка','back'),(1019,'спинку','back'),(1020,'перед','front'),(1021,'полочка','polochka'),(1022,'полочку','polochka'),(1023,'воротник','collar'),(1024,'пушистый','fluffy'),(1025,'пушистая','fluffy'),(1026,'пушистую','fluffy'),(1027,'пушистые','fluffy'),(1028,'вискозный','viscose'),(1029,'вискозная','viscose'),(1030,'вискозную','viscose'),(1031,'вискозные','viscose'),(1032,'плакать','crying'),(1033,'реглан','raglan'),(1034,'вика ','vika'),(1035,'делать','make'),(1036,'уроки','lessons'),(1037,'научи','titch'),(1038,'бабушку','grandmother'),(1039,'старушке ','old woman'),(1040,'женщине ','woman'),(119,'спать','to sleep'),(1041,'наряжать','dress'),(1042,'елку','fir-tree'),(1043,'бабуле ','granny'),(1044,'бабуля ','granny'),(1045,'наряжать','dressing'),(1046,'горловина','gorge'),(1047,'горловину','gorge'),(1048,'горловине','gorge'),(1049,'горловиной','gorge'),(1050,'жакет','jaquette'),(1051,'жакетик','jaquette'),(1052,'кашемир','cashmere'),(1053,'кашемира','cashmere'),(1054,'кашемировый','cashmere'),(1055,'из','of'),(1056,'для','for'),(1057,'о','about'),(1058,'об','about'),(1059,'кашемировая','cashmere'),(1060,'кашемировую','cashmere'),(1061,'кашемировые','cashmere'),(1062,'кофта',STRINGDECODE('woman''s jacket')),(1063,'кофту',STRINGDECODE('woman''s jacket')),(1064,'мал','too small'),(1065,'мала','too small'),(1066,'велик','too big'),(1067,'велико','too big'),(1068,'велики','too big'),(1069,'пончо','poncho'),(1070,'пряжи','yarn'),(1071,'пряжу','yarn'),(1072,'купила','bought'),(1073,'купил','bought'),(1074,'туника','tunika'),(1075,'тунике','tunika'),(1076,'тунику','tunika'),(1077,'шаль','shawl'),(1078,'попеременно','alternate'),(1079,'петли','stitches'),(1080,'лицевая','knitt'),(1081,'лицевую','knitt'),(1082,'лицевые','knitt'),(1083,'лицевых','knitt'),(1084,'изнаночная','purl'),(1085,'изнаночную','purl'),(1086,'изнаночные','purl'),(1087,'изнаночных','purl'),(1088,'между','between'),(1089,'разница','difference'),(1090,'разницу','difference'),(1091,'закрыть','bind off'),(1092,'закрыла','binded off'),(1093,'закрыл','binded off'),(1094,'косичка','cable'),(1095,'косичку','cable'),(1096,'жгут','cable'),(1097,'жгутами','cables'),(1098,'жгуты','cables'),(1099,'убавить','decrease'),(1100,'убавил','decreased'),(1101,'убавила','decreased'),(1102,'прибавила','increased'),(1103,'прибавил','increased'),(1104,'прибавить','increase'),(1105,'кромочная','edge'),(1106,'кромочную','edge'),(1107,'кромочные','edge'),(1108,'платочная','garter'),(1109,'вязка','stitch'),(1110,'платочной','garter'),(1111,'вязкой','stitch'),(1112,'узор','pattern'),(1113,'узоры','patterns'),(1114,'раппорт','pattern'),(1115,'круговой','round'),(1116,'круговые','round'),(1117,'круговых','round'),(1118,'круговыми','round'),(1119,'воздушная','single crochet'),(1120,'воздушную','single crochet'),(1121,'снять','slip'),(1122,'сняла','slipped'),(1123,'снял','slipped'),(1124,'накид','yarn over'),(1125,'накинуть','yarn over'),(1126,'накинула','yarned over'),(1127,'накинул','yarned over'),(1128,'жилет','waistcoat'),(1129,'жилетка','waistcoat'),(1130,'жилетку','waistcoat'),(1131,'дедуле ','grandfather'),(1132,'когда','when'),(1133,'улице','street'),(1134,'ярко','bright'),(1135,'Вязальные','knitting'),(1136,'спицы','needles'),(1137,'прекрасный','exellent'),(1138,'инструмент','tool'),(1139,'вязальный','knitting'),(1140,'лежит','lies'),(1141,'столе','table'),(1142,'внука','grandson'),(120,'есть','to eat'),(1143,'внучки','granddoughter'),(1144,'бабуся ','granny'),(1145,'пинеточки ','bootees'),(1146,'дочки','daughter'),(1147,'младшей','the youngest'),(1148,'младшей','youngest'),(1149,'мамуля ','mummy'),(1150,'пальто ','coat'),(1151,'дочурки','daughter'),(1152,'дочке','daughter'),(1153,'34','34'),(1154,'бубуле','granny'),(1155,'42 ','42'),(1156,'мамуле','mummy'),(1157,'любят','like'),(1158,'носить','wear'),(1159,'вязаные','knitted'),(1160,'вещи','things'),(1161,'бабушки','grandmothers'),(1162,'обычно','usually'),(1163,'бабушке','grandmother'),(1164,'мое','my'),(1165,'нравятся','like'),(1166,'мои','my'),(1167,'нравится','like'),(1168,'что','that'),(1169,'умею','can'),(1170,'могу','can'),(1171,' ','am'),(1172,'моей','my'),(1173,'шапочки ','little caps'),(1174,'согревает','makes warm'),(1175,'стужу','cold'),(1176,'шапочка','little cap'),(1177,'вязаная','knitted'),(1178,'летит','fly'),(1179,'Америку','america'),(1180,'Электрические','electronic'),(1181,'пирожки','cackes'),(1182,'юбочка','skirt'),(1183,'машеньке','mashenka'),(1184,'разноцветная','multicolored'),(1185,'радуга','rainbow'),(1186,'разноцветные','multicolored'),(1187,'разноцветный','multicolored'),(1188,'разный','different'),(1189,'разные','different'),(1190,'разная','different'),(1191,'разного','different'),(1192,'шапочку','little cap'),(1193,'шапочкой','little cap'),(1194,'доволен','glad'),(1195,'довольна','glad'),(1196,'студентка','student'),(1197,'студенты','students'),(1198,'дискотеку','disco'),(1199,'дискотека','disco'),(1200,'иду','go'),(1201,'эти','these'),(1202,'волшебный','miraculous'),(1203,'волшебные','miraculous'),(1204,'волшебную','miraculous'),(1205,'штаны','trousers'),(1206,'штанишки','trousers'),(1207,'лучший','the best'),(1208,'свитерок','pullover'),(1209,'лучший','best'),(1210,'лучшую','the best'),(1211,'подари','present'),(1212,'лучшие','the best'),(1213,'самые','the very'),(1214,'самый','the very'),(1215,'самую','the very'),(1216,'ужасную','awfull'),(1217,'прекрасную','exellent'),(1218,'хлопковую','cotton'),(1219,'розовую','pink'),(1220,'розовые','pink'),(1221,'купи ','buy'),(1222,'дедушке','grandfather'),(1223,'фразы','phrases'),(1224,'йогурт','yogurt'),(1225,'пожалуйста','please'),(1226,'спицу','needle'),(1227,'какая','what'),(1228,'у','at'),(1229,'получилась','shaped'),(1230,'какой','what'),(1231,'замечательный','splendid'),(1232,'получился','shaped'),(1233,' ','a'),(1234,'чудесный','miraculous'),(1235,'свитерочек','pullover'),(1236,'за','as'),(1237,'нарядный','smart'),(1238,'нарядную','smart'),(1239,'себе','to myself'),(1240,' ','to'),(1241,'себе','myself'),(1242,' ','nda'),(1243,'пирожок','patty'),(1244,'расскажи','tell'),(1245,'про','about'),(1246,'свой','own'),(1247,'свое','own'),(1248,'малышу','tot'),(121,'плавать','to swim'),(1249,'носочки','little socks'),(1250,'мылышу','tot'),(1251,'мылышке','tot'),(1252,'малыша','tot'),(1253,'малышки','tot'),(1254,'носочек ','little sock'),(1255,'своего','own'),(1256,'беленькую','white'),(1257,'салфеточку','little napkin'),(1258,'granny','бабуля'),(1259,'своей','own'),(1260,'сестре','sister'),(1261,'беленькие','white'),(1262,'маленькие','little'),(1263,'салфеточки','napkins'),(1264,'сестренке','sister'),(1265,'крохотный','tiny'),(1266,'крохотные','tiny'),(1267,'крохотная','tiny'),(1268,'крохотную','tiny'),(1269,'без','without'),(1270,'ума','mind'),(1271,'от','of'),(1272,'собственной','own'),(1273,'собственного','own'),(1274,'рукоделия','needlework'),(1275,'рукоделие','needlework'),(1276,'рукоделию','needlework'),(1277,'надо','ought'),(1278,'вязанию','knitting'),(1279,'плетению','network'),(1280,'плетение','network'),(1281,'вышиванию','embroidering'),(1282,'вышивание','embroidering'),(1283,'вышивке','embroidery'),(1284,'вышивка','embroidery'),(1285,'вышивкой','embroidery'),(1286,'желает','wants'),(1287,'приобрести','obtain'),(1288,'с','with'),(1289,'мечтает','dreams'),(1290,'мечтаю','dream'),(1291,'красной','red'),(1292,'провяжи','knit'),(1293,'50','50'),(1294,'рядов','rows'),(1295,'чулочной','knit'),(1296,'провяжите','knit'),(1297,'ряд','row'),(1298,'63','63'),(1299,'ряда','rows'),(1300,'провязать','to knit'),(1301,'вязки','stitch'),(1302,'вязальными','knitting'),(1303,'самая','the very'),(1304,'вязальная','knitting'),(1305,'принадлежность','material'),(1306,'knitting','вязальные'),(1307,'вязания','knitting'),(1308,'любимая','favourite'),(1309,'крючки','crochets'),(1310,'необходимая','necessary'),(1311,'вещь','thing'),(1312,'необходимые','necessary'),(1313,'инструменты','tools'),(1314,'необходимый','necessary'),(1315,'необходимую','necessary'),(1316,'необходимой','necessary'),(1317,'необходимых','necessary'),(1318,'нужный','required'),(1319,'нужная','required'),(1320,'нужные','required'),(1321,'нужного','required'),(1322,'размера','size'),(1323,'подходящего','appropriate'),(1324,'подходящий','appropriate'),(1325,'размер','size'),(1326,'диаметр','diameter'),(1327,'диаметра','diameter'),(1328,'мире','world'),(1329,'Дубна ','dubna'),(1330,'Москва','moscow '),(1331,'столица','capital'),(1332,'нашей','our'),(1333,'родины','fatherland'),(1334,'рукавички','mittens'),(1335,'себе','herself'),(1336,'бузумно','madly'),(1337,'никак','nowise'),(1338,'научиться','to learn'),(1339,'научиться','learn'),(1340,'сделай','make'),(1341,'сделала','made'),(1342,'сделал','made'),(1343,'сделать','to make'),(1344,'вязальным','knitting'),(1345,'вязальной','knitting'),(1346,'вязаной','knitted'),(1347,'вязаную','knitted'),(1348,'вязаное','knitted'),(136,'вязать крючком','to crochet'),(1349,'связать','to knit'),(1350,'дочурке','daughter'),(1351,'машинке','machine'),(1352,'доченьке','daughter'),(1353,'платьице','little dress'),(1354,'одежда','clothes'),(1355,'хороша','good'),(1356,'зимнюю','winter'),(1357,'и','and'),(1358,'осеннюю','autumn'),(1359,'слякоть','slush'),(1360,'зимний','winter'),(1361,'мороз','frost'),(1362,'зимние','winter'),(1363,'морозы','frosts'),(1364,'холода','colds'),(1365,'холод','cold'),(1366,'солнце','sun'),(1367,'солнцем','sun'),(1368,'весенний','spring'),(1369,'весенние','spring'),(1370,'весеннюю','spring'),(1371,'непогоду','bad weather'),(1372,'любую','any'),(1373,'погоду','weather'),(1374,'любое','any'),(1375,'время','time'),(1376,'вещица','thing'),(1377,'принесет','will bring'),(1378,'радость','pleasure'),(1379,'согреет','will warm'),(1380,'принесут','will bring'),(1381,'согреют','will warm'),(1382,'принести','bring'),(1383,'как','how'),(1384,'уметь','to can'),(1385,'кто-то','somebody'),(1386,'умеет','can'),(1387,'же','ever'),(1388,'все-таки','nevertheless'),(1389,'ты','you'),(1390,'можешь','can'),(1391,'что-нибудь','something'),(1392,'вяжи','knit'),(1393,'здравствуйте','hello'),(1394,'полочки','polochka'),(1395,'наберите','set up'),(1396,'спинки','back'),(1397,'переда','front'),(1398,'рукавов','sleeves'),(1399,'воротника','collar'),(1400,'воротничок','collar'),(1401,'воротничка','collar'),(1402,'воротничком','collar'),(1403,'кружевным','lace'),(1404,'ажурным','open-work'),(1405,'ажурного','open-work'),(1406,'вместо','instead'),(1407,'желтоватого','yellowish'),(1408,'сдать','return'),(1409,'эту','this'),(1410,'программу','programm'),(1411,'саша','sasha'),(1412,'дедушка','grangfather'),(1413,'помоги','help'),(1414,'ненавижу','hate'),(1415,'закрывать','binding off'),(1416,'машинка','machine'),(1417,'превосходное','wonderfull'),(1418,'средство','tool'),(1419,'свитеров','pullovers'),(1420,'шапок','caps'),(1421,'шапочек','little caps'),(1422,'носочков','little socks'),(1423,'носков','socks'),(1424,'машина','machine'),(1425,'всяческих','different'),(1426,'шарфиков','muffles'),(1427,'варежек','mittens'),(1428,'привет','hello'),(1429,'оранжевой','orange'),(1430,'революции','revolution'),(1431,'шарфик','muffle'),(1432,'wanted','хотела'),(1433,'хотела ','wanted'),(1434,'тепленький','warm'),(1435,'а','but'),(1436,'тепленькую','warm'),(1437,'внученьки','granddaughter'),(1438,'лицевыми','knit'),(1439,'петлями','stitches'),(1440,'женский',STRINGDECODE('woman''s')),(1441,'жакет','jacket'),(1442,'полосатые','stretched'),(1443,'cвязала','knitted'),(1444,'собирается','going'),(1445,'дедуля ','grandfather'),(1446,'орнаментом','pattern'),(1447,'свяжет','will knit'),(1448,'носит','wears'),(1449,'малышке ','baby'),(137,'решать проблемы','to solve problems'),(1450,'бабушкин',STRINGDECODE('grandmother''s')),(1451,'ребенку ','kid'),(1452,'детям ','children'),(1453,'по','by'),(1454,'вязаных','knitted'),(1455,'варежках','mittens'),(1456,'носках','socks'),(1457,'улицам','streets'),(1458,'дождливую','rainy'),(1459,'морозную','cold'),(1460,'нужны','needed'),(1461,'горке','gorka'),(1462,'зимой','in winter'),(1463,'речке','reever'),(1464,'летом','in summer'),(1465,'весной','in spring'),(1466,'осенью','in autumn'),(1467,'шапки','caps'),(1468,'продажу','sale'),(1469,'нужно','nesessary'),(1470,'жизни','life'),(1471,'необходимо','nesessary'),(1472,'абсолютно','absolutely'),(1473,'жизненно','lifely'),(1474,'каждому','every'),(1475,'уважающему','respectfull'),(1476,'себя','self'),(1477,'человеку','person'),(1478,'любой','any'),(1479,'человек','person'),(1480,'должен','must'),(1481,'прилично','good'),(1482,'существует','exists'),(1483,'огромное','huge'),(1484,'количество','amount'),(1485,'вязальных','knitting'),(1486,'тем','themes'),(1487,'свою','own'),(1488,'очередь','place'),(1489,'являются','is'),(1490,'контекстом','context'),(1491,'моделям','models'),(1492,'широко','wide'),(1493,'используемым','usable'),(1494,'конце','end'),(1495,'века','century'),(1496,'может','can'),(1497,'вязальную','knitting'),(1498,'тему','theme'),(1499,'темы','themes'),(1500,'различные','different'),(1501,'бы','would'),(1502,'выбрала','choose'),(1503,'такую','such'),(1504,'модель','model'),(1505,'выбрал','choose'),(1506,'предпочла','prefer'),(1507,'ту','that'),(1508,'свитера','pullover'),(1509,'предпочел','prefer'),(1510,'мой','my'),(1511,'шерстяных','wooden'),(1512,'ниток','sewing'),(1513,'совсем ','at all'),(1517,'мыла','washed'),(1518,'раму','frame'),(1519,'Витя ','victor'),(1520,'осень','autumn'),(1523,'я','me'),(1524,'программировать','programming'),(1525,'микроконтроллеры','microprocessors'),(1526,'сколько','how much'),(1527,'займет','take'),(1528,'времени','time'),(1529,'это','it'),(1530,'будешь','will be'),(1531,'дома','at home'),(1532,'устал','tired'),(1533,'этой','it'),(1534,'учебы','studies'),(1535,'голоден','hungry'),(1536,'поэтому','so'),(1537,'кушать','eat'),(1538,'где','where'),(1539,'макет','template'),(1540,'только','only'),(1541,'игры','games'),(1542,'компьютерные','computer'),(1543,'процесс','process'),(1544,'перевода','translate'),(1545,'одного','one'),(1546,'естественного','natural'),(1547,'языка','language'),(138,'водить машину','to drive a car'),(139,'делать покупки','to do shopping'),(140,'петь','to sing'),(141,'танцевать','to dance'),(134,'вязать','to knit'),(587,'горчицу','mustard'),(570,'горбушу','hunchback salmon'),(571,'гордиться','be proud'),(750,'желтый','yellow'),(751,'желтая','yellow'),(752,'желтые','yellow'),(572,'гордиться','to be proud'),(573,'гордиться','being proud'),(574,'город','town'),(374,'абитуриенты','enrollees'),(375,'абитуриенту','enrollee'),(376,'абитуриентам','enrollees'),(377,'абитуриенте','enrollee'),(753,'желтую','yellow'),(380,'наташе','natasha'),(381,'наташу','natasha'),(382,'наташей','natasha'),(409,'аптекарь','druggist'),(419,'бабой-ягой','baba-yaga'),(420,'бабка-ежка','baba-yaga'),(421,'бабке-ежке','baba-yaga'),(422,'багамские острова','bahamas'),(562,'говорить','speak'),(429,'баловаться','to be naughty'),(430,'баловаться','being naughty'),(432,'бананы','bananas'),(564,'говорить','speaking'),(433,'арбузы','watermelons'),(436,'барабанить','drum'),(437,'барабанить','to drum'),(438,'барабанить','drumming'),(442,'бегать','run'),(443,'бегать','to run'),(444,'бегать','running'),(448,'бездельничать','to idle'),(449,'бездельничать','idling'),(455,'беспокоиться','worry'),(456,'беспокоиться','to worry'),(457,'беспокоиться','worrying'),(458,'библиотека','library'),(461,'играть в бильярд','play billiards'),(462,'играть в бильярд','playing billiards'),(465,'бифштекс','steak'),(754,'оранжевый','orange'),(755,'оранжевая','orange'),(468,'блестеть','shine'),(469,'блестеть','to shine'),(470,'блестеть','shining'),(563,'говорить','to speak'),(474,'болтать','to chat'),(475,'болтать','chatting'),(482,'бороду','beard'),(488,'валенки','valenki'),(490,'варежки','mittens'),(493,'варенье','jam'),(496,'варить обед','cook dinner'),(497,'варить обед','cooking dinner'),(498,'варить','to boil'),(567,'горбушки','heels'),(499,'варить','boiling'),(500,'варить варенье','jam'),(501,'варить варенье','to jam'),(502,'варить варенье','jamming'),(503,'варить картофель','to boil potatoes'),(504,'варить картофель','boil potatoes'),(505,'варить картофель','boiling potatoes'),(510,'веснушчатая','freckled'),(512,'взбивать','to shake'),(513,'взбивать','shaking'),(516,'видеть','to see'),(568,'горбушку','heel'),(519,'висеть','to hang'),(520,'висеть','hanging'),(522,'вискозы','viscose'),(525,'вишневого','cherry'),(528,'внучонок','grandson'),(529,'внучек','grandson'),(537,'встречу','meeting'),(540,'вчера утром','yesterday morning'),(544,'учить наизусть','to learn by heart'),(545,'учить наизусть','learning by heart'),(547,'вычислять','calculate'),(548,'вычислять','to calculate'),(549,'вычислять','calculating'),(556,'гладкая','smooth'),(557,'глазированный','glazed'),(559,'глупышка','silly'),(569,'горбуша','hunchback salmon'),(575,'городе','town'),(576,'городишко','small town'),(577,'городишке','small town'),(578,'университетский городок','campus'),(579,'университетском городке','campus'),(580,'студенческий городок',STRINGDECODE('students'' hostels')),(581,'студенчесом городке',STRINGDECODE('students'' hostels')),(583,'гороскопы','horoscopes'),(586,'горчица','mustard'),(602,'готовить ужин','preparing supper'),(603,'готовиться','get ready'),(604,'готовиться','to get ready'),(605,'готовиться','getting ready'),(606,'грамматика','grammar'),(607,'грамматику','grammar'),(608,'гранат','pomegranate'),(594,'господин','mr'),(595,'господину','mr'),(596,'госпожа','mrs'),(597,'госпоже','mrs'),(598,'государственная дума','state duma'),(599,'государственной думе','state duma'),(600,'готовить ужин','to prepare supper'),(601,'готовить ужин','prepare supper'),(756,'оранжевую','orange'),(610,'грейпфрут','grapefruit'),(609,'гранаты','pomegranates'),(611,'грейпфруты','grapefruits'),(612,'грейпфрутовый сок','grapefruit juice'),(757,'оранжевые','orange'),(616,'грибы','mushrooms'),(618,'грязный','dirty'),(619,'грязную','dirty'),(620,'давать','give'),(621,'давать','to give'),(622,'давать','giving'),(625,'дачу','dacha'),(628,'двойка','two'),(629,'двойку','two'),(630,'двойки','two'),(631,'двойник','double'),(632,'двойника','double'),(635,'действовать','operating'),(636,'действовать','to operate'),(637,'деревушка','hamlet'),(638,'деревушке','hamlet'),(639,'деревце','sapling'),(758,'желтого','yellow'),(641,'дети','children'),(642,'детей','children'),(643,'детский',STRINGDECODE('child''s')),(644,'детские',STRINGDECODE('child''s')),(645,'детскую',STRINGDECODE('child''s')),(648,'дешевую','cheap'),(651,'дивный','marvellous'),(652,'дивная','marvellous'),(653,'дивное','marvellous'),(654,'дивную','marvellous'),(656,'дискету','diskette'),(657,'дискеты','diskettes'),(660,'длинноволосые','long-haired'),(662,'добавлять','add'),(663,'добавлять','to add'),(664,'добавлять','adding'),(665,'добиваться','obtain'),(666,'добиваться','to obtain'),(667,'добиваться','obtaining'),(670,'доверчивый','trustful'),(671,'доверчивая','trustful'),(759,'оранжевого','orange'),(672,'догадываться','guess'),(673,'догадаться','to guess'),(676,'домашнюю','home'),(677,'домашние','home'),(679,'домового','brownie'),(681,'домохозяйка','housewife'),(682,'домохозяйки','housewife'),(683,'домохозяйку','housewife'),(684,'дорогой','expensive'),(685,'дорогую','expensive'),(686,'дорогие','expensive'),(691,'дружба','friendship'),(692,'дружбу','friendship'),(693,'дружок','pal'),(694,'дружком','pal'),(695,'друг','friend'),(696,'друга','friend'),(697,'другом','friend'),(700,'дура','silly woman'),(708,'дыни','melons'),(709,'европа','europe'),(710,'европе','europe'),(714,'жевательная резинка','chewing gum'),(715,'жевательную резинку','chewing gum'),(716,'жениться','marry'),(717,'жениться','to marry'),(718,'жениться','marrying'),(719,'женщина','woman'),(720,'женщиной','woman'),(721,'женщины','women'),(760,'белый','white'),(723,'завтра вечером','tomorrow evening'),(726,'загорать','to become sunburnt'),(727,'загорать','becoming sunburnt'),(731,'все','everybody'),(732,'всем','everybody'),(195,'набирать петли','set up stitches'),(378,'абитуриентка','enrollee'),(466,'бить','to beat'),(467,'бить','beating'),(761,'белая','white'),(266,'крючком','with a crochet'),(770,'белого','white'),(771,'белые','white'),(773,'черный','black'),(774,'черная','black'),(775,'черные','black'),(776,'черную','black'),(777,'черного','black'),(778,'серый','grey'),(779,'серая','grey'),(780,'серые','grey'),(781,'серую','grey'),(782,'серого','grey'),(783,'рыжий','ginger'),(784,'рыжая','ginger'),(785,'рыжего','ginger'),(786,'рыжую','ginger'),(265,'спицами','with needles'),(807,'предпочитает','prefers'),(808,'любит','likes'),(798,'светит','shines'),(809,'обожает','likes very much'),(814,'-','is'),(984,'макароны','spagetti');
DROP TABLE IF EXISTS `Func`;
CREATE TABLE `Func` (`IDFunc` int(11) DEFAULT NULL,`FTxtRus` varchar(200) DEFAULT NULL,`FTxtEng` varchar(100) DEFAULT NULL);
INSERT INTO `Func` VALUES (14,'привет x1 это x2','hello y1 this is nda y2'),(21,'я хочу x1','i want y1'),(23,'x1 люблю x2','y1 love y2'),(25,'x1 умеешь x2?','do y1 can y2?'),(26,'тебе нравится x1?','do you like y1?'),(28,'x1 была x2 погода','there was nda y1 weather y2'),(31,'мне нравится x1','i like y1'),(34,'x1 - x2','y1 is nda y2'),(35,'свяжи x1 x2','knit nda y1 for y2'),(36,'x1 связала x2 для x3','y1 knitted nda y2 for nda y3'),(37,'x1 сделан из x2','nda y1 is made of y2'),(39,'набери x1 x2 петель','set up y1 stitches y2'),(40,'x1 вяжу x2','y1 am knitting nda y2'),(41,'x1 вяжет x2','y1 is knitting nda y2'),(44,'ты идешь в x1?','are you going to y1?'),(45,'давай поговорим о x1',STRINGDECODE('let''s talk about y1')),(46,'x1 любит x2','y1 loves y2'),(49,'x1 зовут x2','y1 name is y2'),(50,'как тебя зовут?','what is your name?'),(51,'сколько тебе лет?','how old are you?'),(53,'мне x1 лет','i am y1 years old'),(54,'x1 x2 лет','y1 is y2 years old'),(55,'x1 x2 цвета','nda y1 is y2'),(56,'я хочу есть',STRINGDECODE('i''m hungry')),(57,'я хочу пить',STRINGDECODE('i''m firsty')),(62,'где ты живешь?','where do you live?'),(63,'я живу в x1','i live in y1'),(64,'у меня есть x1','i have nda y1'),(65,'у x1 есть x2','y1 has nda y2'),(71,'x1 идет в x2','y1 is going to nda y2'),(74,'x1 сделана из x2','y1 is made of y2'),(75,'x1 связан x2','y1 is knitted y2'),(77,'x1 вязать x2','y1 knitting y2'),(80,'я предпочитаю x1','i prefer y1'),(81,'x1 не любит x2',STRINGDECODE('y1 don''t like y2')),(82,'x1 ненавидит x2','y1 hates y2'),(83,'x1 девушке x2','y1 is too y2 for a girl'),(85,'мне не нравится x1',STRINGDECODE('i don''t like y1')),(86,'я ненавижу x1','i hate y1'),(87,'я терпеть не могу x1',STRINGDECODE('i can''t stand y1')),(88,'x1 хочет x2','y1 wants y2'),(89,'x1 терпеть не может x2',STRINGDECODE('y1 can''t stand y2')),(90,'x1 не нравится x2',STRINGDECODE('y1 doesn’''t like y2')),(91,'x1 x2 года','y1 is y2 years old'),(92,'x1 очень любит носить x2','y1 likes wearing y2 very much'),(93,'я очень люблю носить x1','i like very much wearing y1'),(94,'я не умею x1',STRINGDECODE('i can''t y1')),(95,'x1 не умеет x2',STRINGDECODE('y1 can''t y2')),(96,'я не хочу x1',STRINGDECODE('i don''t want y1')),(97,'x1 не хочет x2',STRINGDECODE('y1 doesn''t want y2')),(100,'x1 нравится x2','y1 likes y2'),(101,'я совсем не люблю x1',STRINGDECODE('i don''t like y1 at all')),(102,'я вообще не люблю x1',STRINGDECODE('i don''t like y1 totally')),(66,'здесь x1',STRINGDECODE('it''s y1 in here')),(67,'x1 умеет x2','yi can y2'),(70,'x1 связала x2','y1 knitted nda y2'),(68,'свяжите x1 петель','knit y1 stitches'),(69,'свяжите x1 столбиков','knit y1 columnes'),(76,'я x1 вязать x2','i y1 knitting y2'),(72,'x1 вяжет x2 для x3','y1 is knitting nda y2 for nda y3'),(73,'x1 вяжу x2 для x3','x1 am knitting nda y2 for nda y3'),(79,'x1 предпочитает x2','y1 prefers y2'),(42,'x1 умею x2','y1 can y2'),(43,'x1 иду в x2','x1 am going to nda y2'),(48,'я x1','i am y1'),(84,'x1 не люблю x2',STRINGDECODE('y1 don''t love y2')),(98,'мне очень не нравится x1',STRINGDECODE('i don''t like y1 very much'));
DROP TABLE IF EXISTS `Func_Wrd`;
CREATE TABLE `Func_Wrd` (`ID` int(11) DEFAULT NULL,`IDWrd` int(11) DEFAULT NULL,`IDFunc` int(11) DEFAULT NULL);
INSERT INTO `Func_Wrd` VALUES (167,84,28),(169,86,28),(170,87,28),(171,88,28),(172,89,28),(173,90,28),(174,91,28),(175,92,28),(176,93,28),(177,94,28),(178,95,28),(179,96,28),(180,97,28),(181,98,28),(182,99,28),(183,100,28),(184,101,28),(185,102,28),(186,103,28),(187,104,28),(188,105,28),(189,106,28),(190,107,28),(191,108,28),(192,109,28),(193,110,28),(194,111,28),(195,112,28),(196,113,28),(197,114,28),(198,115,28),(199,116,28),(200,117,28),(211,124,23),(212,125,23),(213,126,23),(103,53,14),(104,54,14),(105,55,14),(106,56,14),(214,127,23),(215,130,28),(216,131,28),(217,132,28),(218,133,23),(220,135,25),(222,137,21),(223,138,21),(224,139,21),(225,140,21),(226,141,21),(232,83,28),(233,127,21),(234,134,21),(236,57,14),(237,144,25),(238,148,25),(239,145,25),(240,146,25),(241,147,25),(242,149,25),(243,150,25),(244,151,25),(245,152,25),(246,153,25),(247,125,26),(248,154,31),(249,155,31),(250,156,31),(251,157,31),(252,136,33),(253,159,31),(254,160,31),(255,161,31),(256,162,31),(257,163,32),(258,165,33),(259,166,33),(260,167,33),(261,168,33),(262,169,33),(263,170,33),(264,171,33),(265,172,33),(266,173,33),(267,174,33),(268,175,33),(269,176,33),(270,177,33),(271,178,33),(272,179,33),(273,180,33),(274,181,33),(275,182,33),(276,183,33),(277,184,33),(278,185,33),(279,186,33),(280,187,33),(281,188,33),(282,189,33),(283,190,33),(284,191,33),(285,192,33),(286,193,33),(287,194,33),(288,195,33),(289,196,33),(290,197,33),(291,198,33),(292,199,33),(293,200,33),(295,202,33),(296,203,33),(297,204,33),(298,205,33),(299,206,33),(300,207,33),(301,208,33),(302,209,33),(303,210,33),(304,211,33),(305,212,33),(306,213,33),(307,214,34),(308,83,34),(309,216,34),(310,217,34),(311,218,35),(312,219,35),(313,214,35),(314,221,35),(315,165,35),(316,174,35),(317,57,36),(318,225,36),(319,226,36),(320,227,36),(321,228,36),(322,229,36),(323,230,36),(324,231,36),(325,232,36),(326,233,36),(327,234,36),(328,235,36),(329,236,36),(330,237,36),(331,238,36),(332,239,36),(333,240,36),(334,241,36),(335,242,36),(336,243,36),(337,244,36),(338,245,33),(339,246,33),(340,247,33),(341,248,33),(342,249,33),(343,125,31),(344,250,31),(345,127,31),(346,251,33),(347,252,33),(348,253,33),(349,254,33),(350,255,33),(351,256,33),(352,257,28),(353,165,37),(354,259,37),(355,260,37),(356,261,37),(357,262,37),(358,263,37),(359,264,37),(360,265,39),(361,266,39),(362,267,39),(363,268,39),(364,163,39),(365,164,39),(366,271,39),(367,272,39),(368,273,39),(369,274,39),(370,275,39),(371,276,39),(372,277,39),(373,278,39),(374,279,39),(375,280,39),(376,281,39),(377,282,39),(378,283,39),(379,284,39),(380,285,39),(381,286,39),(382,287,40),(383,288,40),(384,57,41),(385,225,41),(386,289,41),(387,288,41),(388,121,21),(389,290,42),(390,291,43),(391,292,43),(392,293,44),(393,294,44),(394,295,45),(395,296,45),(396,297,46),(397,53,46),(398,298,46),(400,299,47),(401,300,47),(402,298,47),(404,86,48),(405,301,48),(406,302,48),(407,303,49),(408,304,49),(409,305,49),(410,306,49),(411,307,49),(412,124,49),(413,309,52),(414,310,52),(415,309,53),(416,310,53),(418,226,54),(419,313,54),(420,314,54),(421,315,55),(422,316,55),(423,317,55),(424,318,55),(425,319,55),(426,320,33),(427,321,33),(428,311,54),(429,309,54),(430,322,47),(431,311,47),(432,127,47),(433,321,45),(434,323,45),(435,294,43),(436,324,33),(437,352,33),(438,353,33),(439,354,33),(440,312,54),(441,355,54),(442,356,54),(443,388,58),(444,389,58),(445,390,58),(446,236,58),(447,391,61),(448,392,61),(449,393,61),(450,394,61),(451,395,63),(452,396,63),(453,397,63),(454,398,63),(455,560,33),(456,561,33),(457,166,41),(458,588,64),(459,589,64),(460,590,65),(461,591,65),(462,592,65),(463,593,65),(464,703,66),(465,704,66),(466,705,66),(467,702,66),(468,706,66),(469,53,31),(470,53,33),(471,53,41),(472,53,48),(473,53,58),(474,53,61),(475,53,64),(476,54,21),(477,54,23),(478,54,26),(479,54,31),(480,54,33),(481,54,34),(482,54,58),(483,55,26),(484,55,31),(485,55,33),(486,55,34),(487,55,46),(488,55,55),(489,55,64),(490,55,65),(491,56,26),(492,56,31),(493,56,33),(494,56,34),(495,56,46),(496,56,55),(497,56,64),(498,56,65),(499,57,26),(500,57,31),(501,57,33),(502,57,34),(503,57,46),(504,57,48),(505,57,58),(506,57,65),(508,73,14),(509,73,26),(510,73,31),(511,73,33),(512,73,34),(513,73,46),(514,73,48),(515,73,54),(516,73,58),(517,73,61),(518,73,64),(519,78,14),(520,78,26),(521,78,31),(522,78,33),(523,78,34),(524,78,46),(525,78,48),(526,78,54),(527,78,58),(528,78,61),(529,78,64),(532,83,58),(533,83,48),(534,86,34),(536,86,58),(537,88,33),(538,88,34),(539,88,48),(540,88,58),(542,103,34),(543,103,48),(544,103,58),(546,104,34),(547,104,48),(548,104,58),(549,105,33),(550,105,34),(551,105,58),(552,106,33),(553,106,34),(554,106,58),(555,107,33),(556,107,34),(557,107,58),(558,108,33),(559,108,34),(560,108,58),(561,109,33),(562,109,34),(563,109,58),(564,109,48),(565,110,33),(566,110,34),(567,110,58),(568,111,33),(569,111,34),(570,111,58),(571,112,33),(572,112,34),(573,112,58),(574,118,21),(575,118,33),(576,119,21),(577,119,33),(578,120,21),(579,120,33),(580,121,33),(581,124,21),(582,124,65),(583,124,33),(584,125,21),(585,125,33),(586,125,34),(587,125,46),(588,125,47),(589,125,55),(590,125,58),(591,125,64),(592,125,65),(593,126,26),(594,126,31),(595,126,21),(596,126,33),(597,126,34),(598,126,46),(599,126,47),(600,126,55),(601,126,58),(602,126,64),(603,126,65),(604,127,26),(605,127,33),(606,127,34),(607,127,46),(608,127,55),(1520,957,33),(1525,964,33),(1526,965,33),(1527,966,49),(609,127,58),(610,127,64),(611,127,65),(612,130,33),(613,130,34),(614,130,58),(615,131,33),(616,131,34),(617,131,48),(618,131,58),(619,133,26),(620,133,31),(621,133,33),(622,133,34),(623,133,43),(624,133,44),(625,133,46),(626,133,47),(627,133,58),(628,133,61),(629,133,64),(630,134,33),(631,136,21),(632,137,33),(633,138,33),(634,139,33),(635,140,33),(636,141,33),(637,144,42),(638,144,67),(639,145,42),(640,145,67),(641,146,42),(642,146,67),(643,147,42),(644,147,67),(645,148,42),(646,148,67),(647,149,42),(648,149,67),(649,150,42),(650,150,67),(651,151,42),(652,151,67),(653,152,42),(654,152,67),(655,153,42),(656,153,67),(657,154,23),(658,154,26),(659,154,46),(660,154,47),(661,155,23),(662,155,26),(663,155,46),(664,155,47),(665,156,23),(666,156,26),(667,156,46),(668,156,47),(669,157,23),(670,157,26),(671,157,46),(672,157,47),(673,158,31),(674,158,23),(675,158,26),(676,158,46),(677,158,47),(678,159,23),(679,159,26),(680,159,46),(681,159,47),(682,160,23),(683,160,26),(684,160,47),(685,160,46),(686,161,23),(687,161,26),(688,161,46),(689,161,47),(690,162,23),(691,162,26),(692,162,46),(693,162,47),(694,166,21),(695,166,35),(696,166,36),(697,166,40),(699,166,64),(700,166,65),(701,167,41),(702,167,40),(706,168,64),(707,168,65),(708,169,64),(709,169,65),(710,170,41),(711,170,46),(712,170,48),(713,170,58),(714,170,61),(715,170,67),(716,171,58),(717,172,31),(718,172,28),(719,172,58),(720,172,61),(721,172,64),(722,172,65),(723,173,23),(724,173,26),(725,173,31),(726,173,46),(727,173,47),(728,173,58),(729,173,64),(730,173,65),(731,174,26),(732,174,31),(733,174,34),(734,174,21),(735,174,36),(736,174,37),(737,174,40),(738,174,41),(739,174,55),(740,174,64),(741,174,65),(742,175,35),(743,175,26),(744,175,31),(745,175,34),(746,175,21),(747,175,36),(748,175,37),(749,175,40),(750,175,41),(751,175,55),(752,175,64),(753,175,65),(755,177,26),(756,177,31),(757,183,26),(758,183,31),(759,189,48),(760,194,26),(761,194,31),(762,194,37),(763,194,47),(764,194,55),(765,193,55),(766,188,55),(767,182,55),(768,175,55),(769,195,25),(770,195,42),(771,195,76),(772,201,25),(773,201,42),(774,201,67),(775,202,34),(776,203,34),(777,204,26),(778,204,31),(779,204,34),(780,204,47),(781,204,55),(782,204,64),(783,204,65),(784,205,23),(785,205,26),(786,205,31),(787,205,34),(788,205,40),(789,205,41),(790,205,47),(791,205,55),(792,206,23),(793,206,26),(794,206,31),(795,206,34),(796,206,35),(797,206,36),(798,206,37),(799,206,40),(800,206,47),(801,206,64),(802,206,65),(803,207,26),(804,207,31),(805,207,34),(806,207,47),(807,207,55),(808,207,64),(809,207,65),(810,213,21),(811,246,21),(812,429,21),(813,429,33),(814,437,21),(815,437,33),(816,443,21),(817,443,33),(818,448,21),(819,448,33),(820,460,21),(821,460,33),(822,469,21),(823,469,33),(824,474,21),(825,474,33),(826,495,21),(827,495,33),(828,498,21),(829,498,33),(830,501,21),(831,501,33),(832,503,21),(833,503,33),(834,512,21),(835,512,33),(836,516,21),(837,516,33),(838,519,21),(839,519,33),(840,544,21),(841,544,33),(842,548,21),(843,548,33),(844,563,21),(845,563,33),(846,572,21),(847,572,33),(848,600,21),(849,600,33),(850,621,21),(851,621,33),(852,636,21),(853,636,33),(854,666,21),(855,666,33),(856,717,21),(857,717,33),(858,726,21),(859,726,33),(860,428,25),(861,428,42),(862,428,67),(863,436,25),(864,436,42),(865,436,67),(866,442,25),(867,442,42),(868,442,67),(869,290,25),(870,290,67),(871,298,31),(872,298,23),(873,298,26),(874,322,46),(875,322,31),(876,322,23),(877,322,26),(878,430,31),(879,430,23),(880,430,26),(881,430,46),(882,430,47),(883,438,31),(884,438,23),(885,438,26),(886,438,46),(887,438,47),(888,444,31),(889,444,23),(890,444,26),(891,444,46),(892,444,47),(893,447,25),(894,447,42),(895,447,67),(896,449,31),(897,449,23),(898,449,26),(899,449,46),(900,449,47),(901,455,25),(902,455,42),(903,455,67),(904,456,21),(905,456,33),(906,457,31),(907,457,23),(908,457,26),(909,457,46),(910,457,47),(911,461,25),(912,461,42),(913,461,67),(914,462,31),(915,462,23),(916,462,26),(917,462,46),(918,462,47),(919,464,25),(920,464,42),(921,464,67),(922,466,21),(923,466,33),(924,467,31),(925,467,23),(926,467,26),(927,467,46),(928,467,47),(929,468,25),(930,468,42),(931,468,67),(932,470,31),(933,470,23),(934,470,26),(935,470,46),(936,470,47),(937,473,25),(938,473,42),(939,473,67),(940,475,31),(941,475,23),(942,475,26),(943,475,46),(944,475,47),(945,494,25),(946,494,42),(947,494,67),(948,496,25),(949,496,42),(950,496,67),(951,497,31),(952,497,23),(953,497,26),(954,497,46),(955,497,47),(956,499,31),(957,499,23),(958,499,26),(959,499,46),(960,499,47),(961,500,25),(962,500,42),(963,500,67),(964,502,31),(965,502,23),(966,502,26),(967,502,46),(968,502,47),(969,504,25),(970,504,42),(971,504,67),(972,505,31),(973,505,23),(974,505,26),(975,505,46),(976,505,47),(977,511,25),(978,511,42),(979,511,67),(980,513,31),(981,513,23),(982,513,26),(983,513,46),(984,513,47),(985,515,25),(986,515,42),(987,515,67),(993,518,25),(994,518,42),(995,518,67),(996,520,31),(997,520,23),(998,520,26),(999,520,46),(1000,520,47),(1001,541,25),(1002,541,42),(1003,541,67),(1004,542,25),(1005,542,42),(1006,542,67),(1007,543,25),(1008,543,42),(1009,543,67),(1010,545,31),(1011,545,23),(1012,545,26),(1013,545,46),(1014,545,47),(1015,547,25),(1016,547,42),(1017,547,67),(1018,549,31),(1019,549,23),(1020,549,26),(1021,549,46),(1022,549,47),(1023,562,25),(1024,562,42),(1025,562,67),(1026,564,31),(1027,564,23),(1028,564,26),(1029,564,46),(1030,564,47),(1031,571,25),(1032,571,42),(1033,571,67),(1034,573,31),(1035,573,23),(1036,573,26),(1037,573,46),(1038,573,47),(1039,601,25),(1040,601,42),(1041,601,67),(1042,602,31),(1043,602,23),(1044,602,26),(1045,602,46),(1046,602,47),(1047,603,25),(1048,603,42),(1049,603,67),(1050,604,21),(1051,604,33),(1052,605,31),(1053,605,23),(1054,605,26),(1055,605,46),(1056,605,47),(1057,620,25),(1058,620,42),(1059,620,67),(1060,622,31),(1061,622,23),(1062,622,26),(1063,622,46),(1064,622,47),(1065,634,25),(1066,634,42),(1067,634,67),(1068,635,31),(1069,635,23),(1070,635,26),(1071,635,46),(1072,635,47),(1073,662,25),(1074,662,42),(1075,662,67),(1076,663,21),(1077,663,33),(1078,664,31),(1079,664,23),(1080,664,26),(1081,664,46),(1082,664,47),(1083,665,25),(1084,665,42),(1085,665,67),(1086,667,31),(1087,667,23),(1088,667,26),(1089,667,46),(1090,667,47),(1091,672,25),(1092,672,42),(1093,672,67),(1094,673,21),(1095,673,33),(1096,716,25),(1097,716,42),(1098,716,67),(1099,718,31),(1100,718,23),(1101,718,26),(1102,718,46),(1103,718,47),(1104,725,25),(1105,725,42),(1106,725,67),(1107,727,31),(1108,727,23),(1109,727,26),(1110,727,46),(1111,727,47),(1112,733,45),(1113,743,55),(1114,525,55),(1115,744,33),(1116,745,33),(1117,745,21),(1118,89,33),(1119,90,33),(1120,91,33),(1121,92,33),(1122,93,33),(1123,94,33),(1124,95,33),(1125,96,33),(1126,97,33),(1127,98,33),(1128,99,33),(1129,100,33),(1130,101,33),(1131,102,33),(1132,113,33),(1133,114,33),(1134,115,33),(1135,116,33),(1136,117,33),(1137,220,33),(1138,221,33),(1139,222,33),(1140,223,33),(1141,224,33),(1142,225,33),(1143,233,33),(1144,236,33),(1145,239,33),(1146,242,33),(1147,250,33),(1148,257,33),(1149,262,33),(1150,267,33),(1151,268,33),(1152,269,33),(1153,270,33),(1154,271,33),(1155,272,33),(1156,273,33),(1157,274,33),(1158,275,33),(1159,276,33),(1160,277,33),(1161,278,33),(1162,279,33),(1163,280,33),(1164,281,33),(1165,282,33),(1166,283,33),(1167,284,33),(1168,285,33),(1169,286,33),(1170,287,33),(1171,288,33),(1172,289,33),(1173,291,33),(1174,292,33),(1175,294,33),(1176,301,33),(1177,302,33),(1178,309,33),(1179,310,33),(1180,313,33),(1181,314,33),(1182,315,33),(1183,316,33),(1184,340,33),(1185,357,33),(1186,358,33),(1187,359,33),(1188,360,33),(1189,361,33),(1190,362,33),(1191,363,33),(1192,364,33),(1193,365,33),(1194,366,33),(1195,367,33),(1196,368,33),(1197,369,33),(1198,370,33),(1199,371,33),(1200,372,33),(1201,373,33),(1202,383,33),(1203,384,33),(1204,385,33),(1205,386,33),(1206,387,33),(1207,389,33),(1208,391,33),(1209,392,33),(1210,393,33),(1211,394,33),(1212,399,33),(1213,401,33),(1214,402,33),(1215,403,33),(1216,404,33),(1217,405,33),(1218,406,33),(1219,407,33),(1220,408,33),(1221,409,33),(1222,410,33),(1223,411,33),(1224,412,33),(1225,413,33),(1226,414,33),(1227,415,33),(1228,416,33),(1229,417,33),(1230,418,33),(1231,422,33),(1232,423,33),(1233,424,33),(1234,425,33),(1235,426,33),(1236,427,33),(1237,431,33),(1238,432,33),(1239,433,33),(1240,434,33),(1241,435,33),(1242,439,33),(1243,440,33),(1244,441,33),(1245,445,33),(1246,446,33),(1247,450,33),(1248,451,33),(1249,452,33),(1250,453,33),(1251,454,33),(1252,458,33),(1253,459,33),(1254,463,33),(1255,465,33),(1256,471,33),(1257,472,33),(1258,476,33),(1259,477,33),(1260,479,33),(1261,480,33),(1262,481,33),(1263,483,33),(1264,484,33),(1265,485,33),(1266,486,33),(1267,487,33),(1268,488,33),(1269,489,33),(1270,490,33),(1271,492,33),(1272,493,33),(1273,506,33),(1274,508,33),(1275,509,33),(1276,510,33),(1277,514,33),(1278,517,33),(1279,521,33),(1280,523,33),(1281,526,33),(1282,527,33),(1283,528,33),(1284,529,33),(1285,530,33),(1286,531,33),(1287,532,33),(1288,533,33),(1289,534,33),(1290,535,33),(1291,536,33),(1292,538,33),(1293,539,33),(1294,540,33),(1295,546,33),(1296,550,33),(1297,551,33),(1298,552,33),(1299,553,33),(1300,554,33),(1301,555,33),(1303,558,33),(1304,559,33),(1305,565,33),(1306,566,33),(1307,567,33),(1308,569,33),(1309,574,33),(1310,576,33),(1311,578,33),(1312,580,33),(1313,582,33),(1314,583,33),(1315,584,33),(1316,585,33),(1317,586,33),(1318,588,33),(1319,589,33),(1320,592,33),(1321,593,33),(1322,594,33),(1323,596,33),(1324,598,33),(1325,606,33),(1326,608,33),(1327,609,33),(1328,610,33),(1329,611,33),(1330,612,33),(1331,613,33),(1332,614,33),(1334,616,33),(1335,617,33),(1336,618,33),(1337,624,33),(1338,626,33),(1340,628,33),(1341,631,33),(1342,633,33),(1343,637,33),(1344,639,33),(1345,640,33),(1346,641,33),(1347,643,33),(1348,646,33),(1349,647,33),(1350,649,33),(1351,650,33),(1352,651,33),(1353,655,33),(1354,658,33),(1355,657,33),(1356,659,33),(1357,661,33),(1358,668,33),(1360,670,33),(1361,674,33),(1362,675,33),(1363,678,33),(1364,680,33),(1365,681,33),(1366,684,33),(1367,687,33),(1368,689,33),(1369,690,33),(1370,691,33),(1371,693,33),(1372,695,33),(1373,698,33),(1374,699,33),(1375,700,33),(1376,701,33),(1377,702,33),(1378,704,33),(1379,705,33),(1380,706,33),(1381,707,33),(1382,708,33),(1383,709,33),(1384,711,33),(1385,712,33),(1386,714,33),(1387,719,33),(1388,722,33),(1389,723,33),(1390,724,33),(1391,728,33),(1392,729,33),(1393,731,33),(1394,218,36),(1395,746,33),(1396,747,33),(1397,748,33),(1398,749,33),(1399,486,43),(1400,486,44),(1401,750,33),(1402,751,33),(1403,762,36),(1404,222,36),(1405,763,36),(1406,764,36),(1407,355,36),(1408,762,70),(1409,222,70),(1410,765,36),(1411,766,36),(1412,767,36),(1413,768,36),(1414,769,36),(1415,773,33),(1416,778,33),(1417,783,33),(1418,787,75),(1419,787,33),(1420,788,33),(1421,791,33),(1422,794,33),(1423,788,26),(1425,791,26),(1426,794,26),(1427,788,31),(1428,791,31),(1429,794,31),(1430,788,34),(1431,791,34),(1432,794,34),(1433,788,46),(1434,791,46),(1435,794,46),(1436,788,41),(1437,788,48),(1438,788,67),(1439,791,41),(1440,791,48),(1441,791,67),(1442,794,41),(1443,794,48),(1444,794,67),(1445,789,72),(1446,789,73),(1448,792,72),(1449,792,73),(1450,795,72),(1451,795,73),(1452,797,46),(1453,381,46),(1454,798,33),(1455,799,33),(1456,800,33),(1457,801,33),(1458,802,33),(1459,803,33),(1460,804,33),(1461,265,75),(1462,266,75),(1463,805,76),(1464,810,33),(1465,811,33),(1466,812,33),(1467,813,33),(1468,814,33),(1469,815,33),(1470,816,33),(1471,817,33),(1472,816,34),(1473,817,34),(1474,818,33),(1475,819,33),(1476,265,77),(1477,820,33),(1478,824,25),(1479,824,42),(1480,824,67),(1481,825,31),(1482,825,23),(1483,825,26),(1484,825,46),(1485,825,47),(1486,826,21),(1487,826,33),(1488,827,33),(1489,828,33),(1490,829,33),(1491,821,33),(1492,822,33),(1493,823,33),(1494,830,33),(1495,831,33),(1496,832,33),(1497,920,25),(1498,920,42),(1499,920,67),(1500,921,21),(1501,921,33),(1502,922,31),(1503,922,23),(1504,922,26),(1505,922,46),(1506,922,47),(1507,946,25),(1508,946,42),(1509,946,67),(1510,947,21),(1511,947,33),(1512,948,31),(1513,948,23),(1514,948,26),(1515,948,46),(1516,948,47),(1517,953,33),(1518,954,33),(1519,955,33),(1521,956,33),(1522,958,33),(1523,960,33),(1524,961,33),(1528,967,33),(1529,968,33),(1530,969,33),(1531,967,79),(1533,970,79),(1534,921,79),(1535,971,33),(1536,118,33),(1537,443,33),(1538,118,33),(1539,118,80),(1540,118,80),(1541,162,80),(1542,976,80),(1543,119,80),(1544,119,80),(1545,977,33),(1546,978,46),(1547,979,33),(1548,980,33),(1549,981,33),(1550,982,33),(1551,301,46),(1552,983,46),(1553,301,81),(1554,719,81),(1555,984,81),(1556,983,81),(1557,301,82),(1558,719,82),(1559,986,82),(1560,983,82),(1561,988,82),(1562,989,33),(1563,990,33),(1564,991,33),(1565,992,33),(1566,994,33),(1567,995,33),(1568,996,33),(1569,997,33),(1570,995,83),(1571,166,83),(1572,997,83),(1573,999,83),(1574,1000,33),(1575,490,83),(1576,1001,33),(1577,1002,33),(1578,1003,33),(1579,1004,33),(1580,1005,33),(1581,1006,84),(1582,1007,84),(1583,1008,84),(1584,1009,84),(1585,1010,85),(1586,1011,85),(1587,1012,85),(1588,1013,85),(1589,1014,85),(1590,1015,85),(1591,1016,85),(1592,1017,85),(1593,1018,85),(1594,1019,85),(1595,1020,85),(1596,1021,85),(1597,1022,85),(1598,1023,85),(1599,1024,85),(1600,1025,85),(1601,1026,85),(1602,1027,85),(1603,1028,85),(1604,1029,85),(1605,1030,85),(1606,1031,85),(1607,1032,86),(1608,1033,86),(1609,1032,87),(1610,1033,87),(1611,1034,81),(1612,1035,33),(1613,1036,33),(1614,1037,33),(1615,166,77),(1616,287,77),(1617,1038,33),(1618,1039,47),(1619,1040,47),(1620,1041,33),(1621,1042,33),(1622,1043,47),(1623,1044,46),(1624,920,31),(1625,968,31),(1626,1046,33),(1627,1047,33),(1628,1048,33),(1629,1049,33),(1630,1050,33),(1631,1051,33),(1632,1052,33),(1633,1053,33),(1634,1054,33),(1635,1055,33),(1636,1056,33),(1637,1057,33),(1638,1058,33),(1639,1059,33),(1640,1060,33),(1641,1061,33),(1642,1062,33),(1643,1063,33),(1644,1064,33),(1645,1065,33),(1646,1066,33),(1647,1067,33),(1648,1068,33),(1649,1069,33),(1650,1070,33),(1651,1071,33),(1652,1072,33),(1653,1073,33),(1654,1074,33),(1655,1075,33),(1656,1076,33),(1657,1077,33),(1658,1078,33),(1659,1079,33),(1660,1080,33),(1661,1081,33),(1662,1082,33),(1663,1083,33),(1664,1084,33),(1665,1085,33),(1666,1086,33),(1667,1087,33),(1668,1088,33),(1669,1089,33),(1670,1090,33),(1671,1091,33),(1672,1092,33),(1673,1093,33),(1674,1094,33),(1675,1095,33),(1676,1096,33),(1677,1097,33),(1678,1098,33),(1679,1099,33),(1680,1100,33),(1681,1101,33),(1682,1102,33),(1683,1103,33),(1684,1104,33),(1685,1105,33),(1686,1106,33),(1687,1107,33),(1688,1108,33),(1689,1109,33),(1690,1110,33),(1691,1111,33),(1692,1112,33),(1693,1113,33),(1694,1114,33),(1695,1115,33),(1696,1116,33),(1697,1117,33),(1698,1118,33),(1699,1119,33),(1700,1120,33),(1701,1121,33),(1702,1122,33),(1703,1123,33),(1704,1124,33),(1705,1125,33),(1706,1126,33),(1707,1127,33),(1708,1128,33),(1709,1129,33),(1710,1130,33),(1711,983,47),(1712,1131,90),(1713,1132,33),(1714,1133,33),(1715,1134,33),(1716,1135,33),(1717,1136,33),(1718,1137,33),(1719,1138,33),(1720,1139,33),(1721,1140,33),(1722,1141,33),(1723,1044,72),(1724,287,72),(1725,1142,72),(1726,1143,72),(1727,1144,72),(1728,1145,72),(1729,1146,72),(1730,1044,72),(1731,1044,72),(1732,1044,41),(1733,814,41),(1734,491,72),(1735,1147,33),(1736,491,36),(1737,1149,36),(1738,1150,36),(1739,1151,36),(1740,1149,70),(1741,1152,33),(1742,1153,33),(1743,1154,91),(1744,1155,91),(1745,1156,91),(1746,1157,33),(1747,1158,33),(1748,1159,33),(1749,1160,33),(1750,1161,33),(1751,1162,33),(1752,225,92),(1753,1130,92),(1754,1130,46),(1755,1163,33),(1756,1164,33),(1757,1163,90),(1758,929,90),(1759,1165,33),(1760,1166,33),(1761,1167,33),(1762,1168,33),(1763,1169,33),(1764,1170,33),(1765,1171,33),(1766,1172,33),(1767,1171,31),(1768,1173,76),(1769,1174,33),(1770,1175,33),(1771,1176,33),(1772,1177,33),(1773,1178,33),(1774,1179,33),(1775,1180,33),(1776,1181,33),(1777,1182,33),(1778,1183,33),(1779,1184,33),(1780,1185,33),(1781,1186,33),(1782,1187,33),(1783,1188,33),(1784,1189,33),(1785,1190,33),(1786,1191,33),(1787,1192,33),(1788,1193,33),(1789,1194,33),(1790,1195,33),(1791,1196,33),(1792,1197,33),(1793,1198,33),(1794,1199,33),(1795,1200,33),(1796,1201,33),(1797,1202,33),(1798,1203,33),(1799,1204,33),(1800,1205,33),(1801,1207,33),(1802,1208,33),(1803,1210,33),(1804,1211,33),(1805,1212,33),(1806,1213,33),(1807,1214,33),(1808,1215,33),(1809,1216,33),(1810,1217,33),(1811,1218,33),(1812,1219,33),(1813,1220,33),(1814,1221,83),(1815,1222,33),(1816,1167,31),(1817,1223,33),(1818,788,89),(1819,1224,89),(1820,1225,33),(1821,1226,33),(1822,134,84),(1823,1227,33),(1824,1228,33),(1825,1229,33),(1826,1230,33),(1827,1231,33),(1828,1232,33),(1829,1234,33),(1830,1235,33),(1831,1236,33),(1832,1237,33),(1833,1238,33),(1834,1239,33),(1835,1243,33),(1836,1244,33),(1837,1245,33),(1838,1246,33),(1839,1247,33),(1840,1248,33),(1841,1249,33),(1842,225,70),(1843,1250,33),(1844,1251,33),(1845,1249,36),(1846,1252,36),(1847,1253,36),(1848,1254,36),(1849,1248,36),(1850,1248,36),(1851,1250,36),(1852,1251,36),(1853,1044,36),(1854,1044,36),(1855,1255,33),(1856,1256,33),(1857,1257,33),(1858,1258,33),(1859,1044,70),(1860,1259,33),(1861,1260,33),(1862,1261,33),(1863,1262,33),(1864,1263,33),(1865,1264,33),(1866,1265,33),(1867,1266,33),(1868,1267,33),(1869,1268,33),(1870,1269,33),(1871,1270,33),(1872,1271,33),(1873,1272,33),(1874,1273,33),(1875,1274,33),(1876,1275,33),(1877,1276,33),(1878,1277,33),(1879,1278,33),(1880,1279,33),(1881,1280,33),(1882,1281,33),(1883,1282,33),(1884,1283,33),(1885,1284,33),(1886,1285,33),(1887,1286,33),(1888,1287,33),(1889,1288,33),(1890,1289,33),(1891,1290,33),(1892,1291,33),(1893,1292,33),(1894,1293,33),(1895,1294,33),(1896,1295,33),(1897,1296,33),(1898,1297,33),(1899,1298,33),(1900,1299,33),(1901,1300,33),(1902,1301,33),(1903,1302,33),(1904,1303,33),(1905,1304,33),(1906,1305,33),(1907,1306,33),(1908,1307,33),(1909,1308,33),(1910,1309,33),(1911,1310,33),(1912,1311,33),(1913,1312,33),(1914,1313,33),(1915,1314,33),(1916,1315,33),(1917,1316,33),(1918,1317,33),(1919,1318,33),(1920,1319,33),(1921,1320,33),(1922,1321,33),(1923,1322,33),(1924,1323,33),(1925,1324,33),(1926,1325,33),(1927,1326,33),(1928,1327,33),(1929,1328,33),(1930,1329,34),(1931,1330,34),(1932,1331,33),(1933,1332,33),(1934,1333,33),(1935,301,88),(1936,1334,33),(1937,1336,33),(1938,1337,33),(1939,1338,33),(1940,1340,33),(1941,1341,33),(1942,1342,33),(1943,1343,33),(1944,1344,33),(1945,1345,33),(1946,1346,33),(1947,1347,33),(1948,1348,33),(1949,57,88),(1950,1349,33),(1951,1350,33),(1952,1351,33),(1953,57,88),(1954,57,88),(1955,57,88),(1956,57,88),(1957,1352,33),(1958,1353,33),(1959,1354,33),(1960,1355,33),(1961,1356,33),(1962,1357,33),(1963,1358,33),(1964,1359,33),(1965,1360,33),(1966,1361,33),(1967,1362,33),(1968,1363,33),(1969,1364,33),(1970,1365,33),(1971,1366,33),(1972,1367,33),(1973,1368,33),(1974,1369,33),(1975,1370,33),(1976,1371,33),(1977,1372,33),(1978,1373,33),(1979,247,91),(1980,1374,33),(1981,1375,33),(1982,1177,91),(1983,1376,33),(1984,1377,33),(1985,1378,33),(1986,1379,33),(1987,1380,33),(1988,1381,33),(1989,1382,33),(1990,1383,33),(1991,1384,33),(1992,1385,33),(1993,1386,33),(1994,1387,33),(1995,1388,33),(1996,1389,33),(1997,1390,33),(1998,1391,33),(1999,1392,33),(2000,1393,33),(2001,1394,33),(2002,1395,33),(2003,1396,33),(2004,1397,33),(2005,1398,33),(2006,1399,33),(2007,1400,33),(2008,1401,33),(2009,1402,33),(2010,1403,33),(2011,1404,33),(2012,1405,33),(2013,1406,33),(2014,1407,33),(2015,762,31),(2016,1408,33),(2017,1409,33),(2018,1410,33),(2019,762,21),(2020,1411,33),(2021,305,70),(2022,166,70),(2023,1412,33),(2024,144,23),(2025,144,23),(2026,1413,33),(2027,1414,33),(2028,1415,33),(2029,1416,33),(2030,1417,33),(2031,1418,33),(2032,1419,33),(2033,1420,33),(2034,1421,33),(2035,1422,33),(2036,1423,33),(2037,1424,33),(2038,1425,33),(2039,1426,33),(2040,1427,33),(2041,1428,33),(2042,1429,33),(2043,1430,33),(2044,1431,33),(2045,1432,33),(2046,1433,48),(2047,1434,33),(2048,1435,33),(2049,1436,33),(2050,225,72),(2051,1437,72),(2052,1044,79),(2053,1438,33),(2054,1439,33),(2055,1440,33),(2056,1442,33),(2057,1443,33),(2058,1444,33),(2059,1445,41),(2060,1446,33),(2061,1447,33),(2062,1448,33),(2063,527,46),(2064,1449,26),(2065,1450,33),(2066,1451,26),(2067,1452,100),(2068,1453,33),(2069,1454,33),(2070,1455,33),(2071,1456,33),(2072,1457,33),(2073,1458,33),(2074,1459,33),(2075,1460,33),(2076,1461,33),(2077,1462,33),(2078,1463,33),(2079,1464,33),(2080,1465,33),(2081,1466,33),(2082,1467,33),(2083,1468,33),(2084,1469,33),(2085,1470,33),(2086,1471,33),(2087,1472,33),(2088,1473,33),(2089,1474,33),(2090,1475,33),(2091,1476,33),(2092,1477,33),(2093,1478,33),(2094,1479,33),(2095,1480,33),(2096,1481,33),(2097,1482,33),(2098,1483,33),(2099,1484,33),(2100,1485,33),(2101,1486,33),(2102,1487,33),(2103,1488,33),(2104,1489,33),(2105,1490,33),(2106,1491,33),(2107,1492,33),(2108,1493,33),(2109,1494,33),(2110,1495,33),(2111,1496,33),(2112,1497,33),(2113,1498,33),(2114,1499,33),(2115,1500,33),(2116,953,67),(2117,1501,33),(2118,1502,33),(2119,1503,33),(2120,1504,33),(2121,1505,33),(2122,1506,33),(2123,1507,33),(2124,1508,33),(2125,1509,33),(2126,1510,33),(2127,1511,33),(2128,1512,33),(2129,1513,94),(2130,136,94),(2131,1514,33),(2132,136,101),(2133,136,101),(2134,352,46),(2135,797,82),(2136,136,82),(2137,136,82),(2138,136,82),(2139,136,82),(2140,136,82),(2141,136,82),(2142,136,82),(2143,1515,33),(2144,1516,33),(2145,1517,33),(2146,1518,33),(2147,1519,46),(2148,1520,46);
DROP TABLE IF EXISTS `Pos`;
CREATE TABLE `Pos` (`ID` int(11) DEFAULT NULL,`IDFunc` int(11) DEFAULT NULL,`PosRus` varchar(4) DEFAULT NULL,`PosEng` varchar(4) DEFAULT NULL);
INSERT INTO `Pos` VALUES (1,23,'x1','y1'),(2,14,'x1','y1'),(3,14,'x2','y2'),(6,21,'x1','y1'),(8,25,'x1','y1'),(9,26,'x1','y1'),(12,28,'x1','y2'),(13,28,'x2','y1'),(14,29,'x1','y2'),(15,29,'x2','y1'),(16,30,'x1','y2'),(17,30,'x2','y1'),(18,30,'x3','y2'),(19,31,'x1','y1'),(20,32,'x1','y2'),(21,33,'x1','y1'),(22,34,'x1','y1'),(23,34,'x2','y2'),(24,35,'x1','y2'),(25,35,'x2','y1'),(27,36,'x1','y1'),(28,36,'x2','y2'),(29,36,'x3','y3'),(31,37,'x1','y1'),(32,37,'x2','y2'),(33,38,'x1','y1'),(34,38,'x2','y2'),(35,39,'x1','y2'),(36,39,'x2','y1'),(37,40,'x1','y1'),(38,41,'x1','y1'),(39,41,'x2','y2'),(40,42,'x1','y1'),(41,43,'x1','y1'),(42,44,'x1','y1'),(43,45,'x1','y1'),(44,46,'x1','y1'),(45,46,'x2','y2'),(46,47,'x1','y1'),(47,47,'x2','y2'),(48,48,'x1','y1'),(49,49,'x1','y1'),(50,49,'x2','y2'),(52,53,'x1','y1'),(53,54,'x1','y1'),(54,54,'x2','y2'),(55,55,'x1','y1'),(56,55,'x2','y2'),(60,60,'x1','y1'),(61,60,'x2','y2'),(62,60,'x3','y3'),(65,63,'x1','y1'),(66,64,'x1','y1'),(67,65,'x1','y1'),(68,65,'x2','y2'),(69,66,'x1','y1'),(70,67,'x1','y1'),(71,67,'x2','y2'),(72,68,'x1','y1'),(73,69,'x1','y1'),(74,70,'x1','y1'),(75,70,'x2','y2'),(89,77,'x1','y1'),(90,77,'x2','y2'),(93,79,'x1','y1'),(94,79,'x2','y2'),(95,80,'x1','y1'),(96,81,'x1','y1'),(97,81,'x2','y2'),(98,82,'x1','y1'),(99,82,'x2','y2'),(100,83,'x1','y1'),(101,83,'x2','y2'),(102,84,'x1','y1'),(103,85,'x1','y1'),(104,86,'x1','y1'),(105,87,'x1','y1'),(110,90,'x1','y1'),(111,90,'x2','y2'),(112,91,'x1','y1'),(113,91,'x2','y2'),(114,92,'x1','y1'),(115,92,'x2','y2'),(116,93,'x1','y1'),(117,94,'x1','y1'),(118,95,'x1','y1'),(119,95,'x2','y2'),(120,96,'x1','y1'),(121,97,'x1','y1'),(122,97,'x2','y2'),(124,23,'x2','y2'),(125,25,'x2','y2'),(128,40,'x2','y2'),(129,42,'x2','y2'),(130,43,'x2','y2'),(131,73,'x3','y3'),(132,84,'x2','y2'),(133,98,'x1','y1'),(134,100,'x1','y1'),(135,100,'x2','y2'),(136,101,'x1','y1'),(137,102,'x1','y1'),(76,71,'x1','y1'),(77,71,'x2','y2'),(78,72,'x1','y1'),(79,72,'x2','y2'),(80,72,'x3','y3'),(81,73,'x1','y1'),(82,73,'x2','y2'),(83,74,'x1','y1'),(84,74,'x2','y2'),(85,75,'x1','y1'),(86,75,'x2','y2'),(87,76,'x1','y1'),(88,76,'x2','y2'),(106,88,'x1','y1'),(107,88,'x2','y2'),(108,89,'x1','y1'),(109,89,'x2','y2');
